实体表 1英雄 2怪物,职业 1魔王 2近战 3远程 4塔 5阻挡物,"1地面移动单位,2飞行单位,3建筑",移动方式 1移动 4固定,资源名,技能 普攻当做技能,攻击范围 所有技能,被动buff,基础血量,移速,idle动画,奔跑动画,死亡动画,出生动画,阵营 1我方 2敌方,子弹挂点,动画管理器,种怪消耗能量,消灭怪物获得,蓝量上限,"掉落概率;9001|10表示10%的概率掉这个id;9002表示10概率掉这个,每个技能单独处理.","冷却CD,中怪cd",UI形象,朝向敌人是否考虑Y轴,种怪时的朝向,英雄名称,入场音效,,,,,生命,攻击,CD,,攻击距离,弹射范围,
id,profession,type,move_type,res_name,skill_id,att_range,buff_passive,hp,speed,idle,run,die,into,camp,bullet_point,anim_path,energy_cost,energy_acquire,mp_max,drop,cd_create,icon_ui,look_rotateY,drag_rotate,name,into_audio,,,,,,,,,,,
100001,1,1,1,bcom_mowang02,1001,18,,5000,5,Idle,Run,Die,Into,1,node_bulletpoint,,0,0,100,,,,,,魔王,,召唤、单体,我方魔王,20,,5000,50,1,50,18,,
100002,2,1,1,b_yueselangren,1002,5,,1250,6,Idle,Run,Die,Into,1,,,1,0,100,,,bg_kapai_banshenxiang02,,,狼人,out_langren,近战、肉/输、群,狼人,4,,1250,40,1.4,28.57142857,6,,
100003,3,2,1,a_djfeiting,1003,8,,400,5,Idle,Run,Die,Into,1,node_bulletpoint,,2,0,100,,,bg_kapai_banshenxiang07,,,飞艇,out_feiting,中、打塔,飞艇,1.5,,400,200,2,100,8,,
100004,3,1,1,a_zhimingnvjue,1004,14,1001,1000,4,Idle,Run,Die,Into,1,Bip001 R Finger0,,2,0,100,,,bg_kapai_banshenxiang01,,,十三娘,out_zhizhu,远程、召唤、群,蜘蛛女,0.6,,1000,25,0.6,41.66666667,15,,
100005,3,1,1,b_dijingwang02_skin,1005,10,,400,6,Idle,Run,Die,Into,1,node_bulletpoint,,1,0,100,,,bg_kapai_banshenxiang06,,,地精王,out_dijing,远程、单体,地精王,0.8,,400,50,0.8,62.5,13,8,3
100006,2,1,1,b_fuergan,1006,6,,600,5.5,Idle,Run,Die,Into,1,,,1,0,100,,,bg_kapai_banshenxiang03,,,女巫,out_nvwu,近程、群,女巫,0.6,,600,65,0.6,108.3333333,8,,
100007,3,1,1,a_meifeisi_02,1007,12,1101,800,4.5,Idle,Run,Die,Into,1,Bone017/node_bulletpoint,,1,0,100,,,bg_kapai_banshenxiang05,,,法师,out_meifashi,单体、治疗,奶妈,0.6,,800,70,1.2,58.33333333,12,,
100008,2,1,1,a_lamasuzhiwang,1008,6,,750,5,Idle,Run,Die,Into,1,Bip001/Bip001 Pelvis/node_bulletpoint,,1,0,100,,,,,,鸟人,,近战、单体,鸟人,2,,750,5,1.4,3.571428571,6,,
100009,2,1,1,b_juyanling,1009,4.5,,2200,3,Idle,Run,Die,Into,1,,,3,0,100,,,bg_kapai_banshenxiang04,,,石头人,out_shitouren,纯肉、单体、分裂,石头人,10,,2200,80,2.4,33.33333333,5,,
200001,1,3,4,com_bianzhizhecx,1001,0,,5000,0,Idle,Run,Die,Into,2,,,0,50,100,,,,,,,,召唤、单体,敌方水晶,20,,5000,,0,,0,,
200002,4,3,4,com_emnujian,2002,35,,2200,0,Idle,Run,Die,Into,2,Gun/node_bulletpoint,Gun,0,50,100,9001|10;9002|10;9003|10;9004|10,,,1,,,,超远、单体、地面,敌方箭塔,6,,2200,15,0.2,75,35,,
200003,4,3,4,com_toushita,2003,20,,2300,0,Idle,Run,Die,Into,2,Gun/node_bulletpoint,Gun,0,50,100,9001|10;9002|10;9003|10;9004|10,,,,,,,远程、群、地面,投石车,4,,2300,60,2,30,20,,
200004,4,3,4,bcom_gunshisy,2004,10,,2000,0,Idle,Run,Die,Into,2,Gun/Root/Bone001/node_bulletpoint,Gun,0,50,100,9001|10;9002|10;9003|10;9004|10,,,,,,,近战、闪电链、对空,敌方闪电链,4,,2000,40,1,40,10,10,3
200005,4,3,4,com_tylj,2005,18,,1500,0,Idle,Run,Die,Into,2,Root/Bone005/node_bulletpoint,,0,50,100,9001|10;9002|10;9003|10;9004|10,,,,,,,中距离、单体、对空,敌方地狱塔,6,,1500,75,0.5,150,18,,
200202,2,1,1,b_yueselangren,1002,5,,1000,6,Idle,Run,Die,Into,2,,,0,5,100,,1,bg_kapai_banshenxiang02,,,狼人,,近战、肉/输、群,狼人,4,,1000,32,1.4,22.85714286,,,
200203,3,2,1,a_djfeiting,1003,8,,320,5,Idle,Run,Die,Into,2,Root/Bone016/node_bulletpoint,,0,5,100,,1,bg_kapai_banshenxiang07,,,飞艇,,中、打塔,飞艇,1.5,,320,160,2,80,,,
200204,3,1,1,a_zhimingnvjue,1004,14,1001,800,4,Idle,Run,Die,Into,2,Bip001 R Finger0,,0,5,100,,1,bg_kapai_banshenxiang01,,,十三娘,,远程、召唤、群,蜘蛛女,0.6,,800,20,0.6,33.33333333,,,
200205,3,1,1,b_dijingwang02_skin,1005,10,,320,6,Idle,Run,Die,Into,2,node_bulletpoint,,0,5,100,,1,bg_kapai_banshenxiang06,,,地精王,,远程、单体,地精王,0.8,,320,40,0.8,50,,,
200206,2,1,1,b_fuergan,1006,6,,480,5.5,Idle,Run,Die,Into,2,,,0,5,100,,1,bg_kapai_banshenxiang03,,,女巫,,近程、群,女巫,0.6,,480,52,0.6,86.66666667,,,
200207,3,1,1,a_meifeisi_02,1007,12,1101,640,4.5,Idle,Run,Die,Into,2,Bone017/node_bulletpoint,,0,5,100,,1,bg_kapai_banshenxiang05,,,法师,,单体、治疗,奶妈,0.6,,640,56,1.2,46.66666667,,,
200208,2,1,1,a_lamasuzhiwang,1008,6,,600,5,Idle,Run,Die,Into,2,Bip001/Bip001 Pelvis/node_bulletpoint,,0,5,100,,1,,,,鸟人,,近战、单体,鸟人,2,,600,4,1.4,2.857142857,,,
200209,2,1,1,b_juyanling,1009,4.5,,1760,3,Idle,Run,Die,Into,2,,,0,5,100,,1,bg_kapai_banshenxiang04,,,石头人,,纯肉、单体、分裂,石头人,10,,1760,64,2.4,26.66666667,,,
200101,4,1,1,com_bianzhizhecx,,0,,2000,6,Idle,Run,Die,Into,2,,,0,20,100,9001|1;9002|1;9003|1;9004|1,,,,,,,召唤任何兵种，干起来,我方魔王,20,,,,2,0,,,
200102,4,1,1,com_bianzhizhecx,,0,2002,2000,6,Idle,Run,Die,Into,2,,,0,20,100,9001|1;9002|1;9003|1;9004|1,,,,,,,召唤任何道具，干起来,狼人,4,,,,,,,,
200103,4,1,1,com_bianzhizhecx,,0,2003,2000,6,Idle,Run,Die,Into,2,,,0,20,100,9001|1;9002|1;9003|1;9004|1,,,,,,,召唤任何道具，干起来,飞艇,1.5,,,,,,,,
200104,4,1,1,com_bianzhizhecx,,0,2004,2000,6,Idle,Run,Die,Into,2,,,0,20,100,9001|1;9002|1;9003|1;9004|1,,,,,,,召唤任何道具，干起来,蜘蛛女,0.6,,,,,,,,
200105,4,1,1,com_bianzhizhecx,,0,2005,2000,6,Idle,Run,Die,Into,2,,,0,20,100,9001|1;9002|1;9003|1;9004|1,,,,,,,召唤任何道具，干起来,地精王,0.8,,,,,,,,
200106,4,1,1,com_bianzhizhecx,,0,2006,2000,6,Idle,Run,Die,Into,2,,,0,20,100,9001|1;9002|1;9003|1;9004|1,,,,,,,召唤任何道具，干起来,女巫,0.6,,,,,,,,
200107,4,1,1,com_bianzhizhecx,,0,2007,2000,6,Idle,Run,Die,Into,2,,,0,20,100,9001|1;9002|1;9003|1;9004|1,,,,,,,召唤任何道具，干起来,奶妈,0.6,,,,,,,,
200108,4,1,1,com_bianzhizhecx,,0,2008,2000,6,Idle,Run,Die,Into,2,,,0,20,100,9001|1;9002|1;9003|1;9004|1,,,,,,,召唤任何道具，干起来,鸟人,2,,,,,,,,
200109,4,1,1,com_bianzhizhecx,,0,2009,2000,6,Idle,Run,Die,Into,2,,,0,20,100,9001|1;9002|1;9003|1;9004|1,,,,,,,召唤任何道具，干起来,石头人,10,,,,,,,,
200301,5,3,4,com_shiqiang02,,0,,2500,0,Idle,Run,Die,Into,2,,,0,20,100,,,,,,,,障碍,敌方阻挡墙1,5,,,,,,,,
200302,5,3,4,com_shiqiang02,,0,,5000,0,Idle,Run,Die,Into,2,,,0,20,100,,,,,,,,障碍,敌方阻挡墙2,10,,,,,,,,
200303,5,3,4,com_shiqiang02,,0,,7500,0,Idle,Run,Die,Into,2,,,0,20,100,,,,,,,,障碍,敌方阻挡墙3,15,,,,,,,,
200304,5,3,4,com_shiqiang02,,0,,10000,0,Idle,Run,Die,Into,2,,,0,20,100,,,,,,,,障碍,敌方阻挡墙4,20,,,,,,,,
200305,5,3,4,com_shiqiang02,,0,,12500,0,Idle,Run,Die,Into,2,,,0,20,100,,,,,,,,障碍,敌方阻挡墙5,25,,,,,,,,
300001,2,1,1,a_zhimingnvjue_buff,3001,3,,100,8,Idle,Run,Die,Into,1,,,0,,100,,,,,,,,召唤小蜘蛛,召唤小蜘蛛,,,,,,,,,
